File#,Coord Conversion Issue,Centroiding Issue,Bad Center Guess,Not In FOV,Ap Out Of Bound,Xc,Yc,Fx,Fy,Time[MJD],Raw_Flux,Bkg_Flux,Res_Flux
1,N,N,N,N,Y,9.569435452531831,17.130643856329357,1.8093521186715895,1.4180461692949269,53819.0930445,nan,nan,nan
2,N,N,N,N,Y,11.592025080639855,23.66569048837583,1.7315789211078538,1.9288674496525708,53819.0931672,nan,nan,nan
3,Y,N,N,N,N,nan,nan,nan,nan,53819.095576,nan,nan,nan
4,N,N,N,N,Y,16.23151619908927,7.903949847387776,1.2030723781717203,1.342827848434306,53819.0937806,nan,nan,nan
5,Y,N,N,N,N,nan,nan,nan,nan,53819.0963352,nan,nan,nan
6,Y,N,N,N,N,nan,nan,nan,nan,53819.0989125,nan,nan,nan
7,Y,N,N,N,N,nan,nan,nan,nan,53819.0992808,nan,nan,nan
8,Y,N,N,N,N,nan,nan,nan,nan,53819.0990351,nan,nan,nan
9,Y,N,N,N,N,nan,nan,nan,nan,53819.1018907,nan,nan,nan
10,Y,N,N,N,N,nan,nan,nan,nan,53819.1016451,nan,nan,nan
11,N,N,N,N,Y,12.001406257006337,7.073680535376557,1.5582395243265663,1.0304944574809254,53819.0927763,nan,nan,nan
12,N,N,N,N,N,21.3076459181636,10.537158750169507,1.5914353131566454,1.8519075138984047,53819.0936579,345113.4435364394,8544.312208644991,336569.1313277944
13,Y,N,N,N,N,nan,nan,nan,nan,53819.0958447,nan,nan,nan
14,Y,N,N,N,N,nan,nan,nan,nan,53819.0960896,nan,nan,nan
15,Y,N,N,N,N,nan,nan,nan,nan,53819.0986673,nan,nan,nan
16,Y,N,N,N,N,nan,nan,nan,nan,53819.0962124,nan,nan,nan
17,Y,N,N,N,N,nan,nan,nan,nan,53819.0985447,nan,nan,nan
18,Y,N,N,N,N,nan,nan,nan,nan,53819.0994042,nan,nan,nan
19,N,N,N,N,Y,16.220235115525593,22.174117441141124,1.2596883217111703,1.484014689956676,53819.0932899,nan,nan,nan
20,Y,N,N,N,N,nan,nan,nan,nan,53819.101768,nan,nan,nan
21,Y,N,N,N,N,nan,nan,nan,nan,53819.1020136,nan,nan,nan
22,Y,N,N,N,N,nan,nan,nan,nan,53819.0964578,nan,nan,nan
23,Y,N,N,N,N,nan,nan,nan,nan,53819.0959669,nan,nan,nan
24,Y,N,N,N,N,nan,nan,nan,nan,53819.0965804,nan,nan,nan
25,Y,N,N,N,N,nan,nan,nan,nan,53819.1014004,nan,nan,nan
26,Y,N,N,N,N,nan,nan,nan,nan,53819.1015227,nan,nan,nan
27,Y,N,N,N,N,nan,nan,nan,nan,53819.1012546,nan,nan,nan
28,Y,N,N,N,N,nan,nan,nan,nan,53819.102136,nan,nan,nan
29,N,N,N,N,Y,22.0353706210335,19.905861892659722,1.4152290058456545,1.0801064974228118,53819.0934128,nan,nan,nan
30,N,N,N,N,Y,9.985952273497013,12.48123684738248,1.823018846562145,1.411259516023854,53819.0929227,nan,nan,nan
31,Y,N,N,N,N,nan,nan,nan,nan,53819.0983986,nan,nan,nan
32,N,N,N,N,Y,25.820674168726025,15.90633528522699,1.3190040380156525,1.5551226427357843,53819.0935362,nan,nan,nan
33,Y,N,N,N,N,nan,nan,nan,nan,53819.0957217,nan,nan,nan
34,Y,N,N,N,N,nan,nan,nan,nan,53819.0991579,nan,nan,nan
35,Y,N,N,N,N,nan,nan,nan,nan,53819.0987909,nan,nan,nan
36,Y,N,N,N,N,nan,nan,nan,nan,53819.1022585,nan,nan,nan
1,N,N,N,N,Y,10.729606191580137,23.516386601608875,1.759892793229559,1.904257016833484,53823.6811279,nan,nan,nan
2,N,N,N,N,Y,24.78997396347438,15.801543842776807,1.7146402968925396,1.4172655698033139,53823.6814961,nan,nan,nan
3,N,N,N,Y,Y,nan,nan,nan,nan,53823.6838408,nan,nan,nan
4,Y,N,N,N,N,nan,nan,nan,nan,53823.6866385,nan,nan,nan
5,Y,N,N,N,N,nan,nan,nan,nan,53823.6867619,nan,nan,nan
6,N,N,N,Y,Y,nan,nan,nan,nan,53823.6898246,nan,nan,nan
7,Y,N,N,N,N,nan,nan,nan,nan,53823.692135,nan,nan,nan
8,N,N,N,Y,Y,nan,nan,nan,nan,53823.6897018,nan,nan,nan
9,Y,N,N,N,N,nan,nan,nan,nan,53823.6925027,nan,nan,nan
10,N,N,N,N,Y,8.874368030699168,12.349239168155242,1.9029116415984437,1.5965128051357986,53823.6808825,nan,nan,nan
11,N,N,N,N,Y,10.8959748545616,7.037632331937329,1.2766601758158613,1.7245551703449278,53823.6807374,nan,nan,nan
12,N,N,N,N,Y,15.345154009493672,22.096898129417685,1.420028174921534,2.1943097894819523,53823.6812505,nan,nan,nan
13,N,N,N,N,Y,8.720953497097673,17.08102312505851,1.6626085105859059,1.3640236435640747,53823.6810052,nan,nan,nan
14,N,N,N,Y,Y,nan,nan,nan,nan,53823.6842094,nan,nan,nan
15,Y,N,N,N,N,nan,nan,nan,nan,53823.6863931,nan,nan,nan
16,Y,N,N,N,N,nan,nan,nan,nan,53823.6870066,nan,nan,nan
17,Y,N,N,N,N,nan,nan,nan,nan,53823.6868836,nan,nan,nan
18,N,N,N,Y,Y,nan,nan,nan,nan,53823.6893339,nan,nan,nan
19,Y,N,N,N,N,nan,nan,nan,nan,53823.6922579,nan,nan,nan
20,N,N,N,Y,Y,nan,nan,nan,nan,53823.6895797,nan,nan,nan
21,Y,N,N,N,N,nan,nan,nan,nan,53823.6926258,nan,nan,nan
22,Y,N,N,N,N,nan,nan,nan,nan,53823.6918894,nan,nan,nan
23,N,N,N,Y,Y,nan,nan,nan,nan,53823.6835957,nan,nan,nan
24,N,N,N,Y,Y,nan,nan,nan,nan,53823.6833272,nan,nan,nan
25,N,N,N,Y,Y,nan,nan,nan,nan,53823.6837181,nan,nan,nan
26,N,N,N,Y,Y,nan,nan,nan,nan,53823.6843316,nan,nan,nan
27,Y,N,N,N,N,nan,nan,nan,nan,53823.6861254,nan,nan,nan
28,Y,N,N,N,N,nan,nan,nan,nan,53823.6862702,nan,nan,nan
29,N,N,N,Y,Y,nan,nan,nan,nan,53823.6889439,nan,nan,nan
30,N,N,N,Y,Y,nan,nan,nan,nan,53823.6894567,nan,nan,nan
31,N,N,N,Y,Y,nan,nan,nan,nan,53823.6890885,nan,nan,nan
32,Y,N,N,N,N,nan,nan,nan,nan,53823.691744,nan,nan,nan
33,Y,N,N,N,N,nan,nan,nan,nan,53823.6923806,nan,nan,nan
34,N,N,N,Y,Y,nan,nan,nan,nan,53823.6899472,nan,nan,nan
35,N,N,N,N,N,20.47594628643001,10.26731085687365,2.2113129412846115,1.718599583467673,53823.6816186,159723.4829965529,3134.659444135944,156588.82355241696
36,N,N,N,N,N,20.918072558609953,19.85136997202449,1.9037407507498085,1.3977210046251773,53823.6813735,158258.43009456818,3185.244484067376,155073.1856105008
37,N,N,N,N,Y,15.31844967431468,7.792982368682972,1.5258194844405513,2.382351112453425,53823.6817413,nan,nan,nan
38,N,N,N,Y,Y,nan,nan,nan,nan,53823.683473,nan,nan,nan
39,N,N,N,Y,Y,nan,nan,nan,nan,53823.6839635,nan,nan,nan
40,N,N,N,Y,Y,nan,nan,nan,nan,53823.6840863,nan,nan,nan
41,Y,N,N,N,N,nan,nan,nan,nan,53823.6871291,nan,nan,nan
42,Y,N,N,N,N,nan,nan,nan,nan,53823.6865158,nan,nan,nan
43,N,N,N,Y,Y,nan,nan,nan,nan,53823.6892111,nan,nan,nan
44,Y,N,N,N,N,nan,nan,nan,nan,53823.6920122,nan,nan,nan
45,Y,N,N,N,N,nan,nan,nan,nan,53823.6927484,nan,nan,nan
1,N,N,N,N,Y,10.903353816210803,6.8839151940203,1.4156670394577835,1.277047142299937,53822.6008548,nan,nan,nan
2,N,N,N,N,Y,15.17494120774249,7.499660558474762,1.7893722865326205,1.3571016762412185,53822.6018596,nan,nan,nan
3,Y,N,N,N,N,nan,nan,nan,nan,53822.6036293,nan,nan,nan
4,N,N,N,N,Y,10.444944124135807,23.20923755717817,1.773542513227814,1.5733432456320082,53822.6012461,nan,nan,nan
5,Y,N,N,N,N,nan,nan,nan,nan,53822.6046338,nan,nan,nan
6,Y,N,N,N,N,nan,nan,nan,nan,53822.6062623,nan,nan,nan
7,Y,N,N,N,N,nan,nan,nan,nan,53822.6068989,nan,nan,nan
8,Y,N,N,N,N,nan,nan,nan,nan,53822.6066537,nan,nan,nan
9,Y,N,N,N,N,nan,nan,nan,nan,53822.6071442,nan,nan,nan
10,N,N,N,N,N,21.008013649060853,19.665802720753934,1.3392837805285465,1.5564649055088915,53822.6014915,57682.40588224287,1010.2631191258206,56672.14276311705
11,Y,N,N,N,N,nan,nan,nan,nan,53822.6040206,nan,nan,nan
12,Y,N,N,N,N,nan,nan,nan,nan,53822.6045112,nan,nan,nan
13,Y,N,N,N,N,nan,nan,nan,nan,53822.6065307,nan,nan,nan
14,Y,N,N,N,N,nan,nan,nan,nan,53822.6064081,nan,nan,nan
15,N,N,N,N,Y,15.17284428756419,22.02465808017455,1.4528113817271437,1.0152521522271873,53822.6013688,nan,nan,nan
16,N,N,N,N,Y,8.922567914023157,12.147651889277414,1.2649000426881034,1.626292640600683,53822.6010017,nan,nan,nan
17,N,N,N,N,N,20.237037957673913,10.110007957540034,1.4123201472626805,1.1682696625045186,53822.6017369,57613.486864699764,1033.4908160662503,56579.99604863351
18,Y,N,N,N,N,nan,nan,nan,nan,53822.603775,nan,nan,nan
19,Y,N,N,N,N,nan,nan,nan,nan,53822.6041433,nan,nan,nan
20,Y,N,N,N,N,nan,nan,nan,nan,53822.6072668,nan,nan,nan
21,N,N,N,N,Y,8.414789455588009,16.95600375053271,1.287370580035218,1.6620054725653686,53822.6011234,nan,nan,nan
22,N,N,N,N,Y,24.796605140339096,15.529141074590113,1.760039920244542,1.9151917359297017,53822.6016151,nan,nan,nan
23,Y,N,N,N,N,nan,nan,nan,nan,53822.6038976,nan,nan,nan
24,Y,N,N,N,N,nan,nan,nan,nan,53822.6042658,nan,nan,nan
25,Y,N,N,N,N,nan,nan,nan,nan,53822.6043883,nan,nan,nan
26,Y,N,N,N,N,nan,nan,nan,nan,53822.6067771,nan,nan,nan
27,Y,N,N,N,N,nan,nan,nan,nan,53822.6070215,nan,nan,nan
1,Y,N,N,N,N,nan,nan,nan,nan,53822.6121014,nan,nan,nan
2,Y,N,N,N,N,nan,nan,nan,nan,53822.6119776,nan,nan,nan
3,Y,N,N,N,N,nan,nan,nan,nan,53822.6123456,nan,nan,nan
4,Y,N,N,N,N,nan,nan,nan,nan,53822.6127147,nan,nan,nan
5,N,N,N,N,Y,10.939636173707749,6.981236951099192,1.4391042374577283,1.0920825790735367,53822.6091466,nan,nan,nan
6,N,N,N,N,Y,10.48716242203832,23.460318698434726,1.9210007522826928,1.8500202827912462,53822.6095378,nan,nan,nan
7,N,N,N,N,Y,24.818102162987444,15.776522288473902,1.7007853554849437,1.5158020414755746,53822.6099058,nan,nan,nan
8,N,N,N,N,N,20.2458047307553,10.212065438445814,1.3238946656077302,1.5499346133578038,53822.6100295,35091.01221350852,673.9509537076971,34417.06125980082
9,N,N,N,N,Y,15.176673243079692,7.746810966645605,1.3021841697439334,1.414811095847466,53822.610151,nan,nan,nan
10,N,N,N,N,Y,8.965961905354225,12.24020045433259,1.6575151973013926,1.3216600843560367,53822.6092925,nan,nan,nan
11,N,N,N,N,Y,15.183723249250196,22.09138671804928,1.4416493024233454,1.0606830331726715,53822.6096602,nan,nan,nan
12,Y,N,N,N,N,nan,nan,nan,nan,53822.6118318,nan,nan,nan
13,Y,N,N,N,N,nan,nan,nan,nan,53822.612591,nan,nan,nan
14,Y,N,N,N,N,nan,nan,nan,nan,53822.612223,nan,nan,nan
15,N,N,N,N,N,21.006054490925656,19.803176568484325,1.2514623453404536,1.3484754464835946,53822.6097831,35264.809912100674,633.9776404680462,34630.83227163263
16,N,N,N,N,Y,8.44220161896272,17.036725594356895,1.6884117216480168,1.3024944998075052,53822.609416,nan,nan,nan
17,Y,N,N,N,N,nan,nan,nan,nan,53822.6124684,nan,nan,nan
18,Y,N,N,N,N,nan,nan,nan,nan,53822.6128364,nan,nan,nan
1,N,N,N,N,Y,9.063174328577581,12.888481027943843,1.0930648967199024,1.3878436826336973,53819.0699019,nan,nan,nan
2,Y,N,N,N,N,nan,nan,nan,nan,53819.0724951,nan,nan,nan
3,Y,N,N,N,N,nan,nan,nan,nan,53819.0728862,nan,nan,nan
4,Y,N,N,N,N,nan,nan,nan,nan,53819.0753768,nan,nan,nan
5,Y,N,N,N,N,nan,nan,nan,nan,53819.073377,nan,nan,nan
6,Y,N,N,N,N,nan,nan,nan,nan,53819.0784151,nan,nan,nan
7,Y,N,N,N,N,nan,nan,nan,nan,53819.0792738,nan,nan,nan
8,Y,N,N,N,N,nan,nan,nan,nan,53819.0789068,nan,nan,nan
9,N,N,N,N,Y,10.906099595575089,23.952370136308833,1.1300516482808785,1.4601113562701262,53819.0701464,nan,nan,nan
10,N,N,N,N,Y,15.607742065423004,22.676865861161435,1.7492096564786555,1.926995409384196,53819.0702691,nan,nan,nan
11,Y,N,N,N,N,nan,nan,nan,nan,53819.0727633,nan,nan,nan
12,N,N,N,N,Y,11.025937513157267,7.661915996072195,1.3496747690877644,1.5496644574701377,53819.0697563,nan,nan,nan
13,Y,N,N,N,N,nan,nan,nan,nan,53819.0760133,nan,nan,nan
14,Y,N,N,N,N,nan,nan,nan,nan,53819.0731314,nan,nan,nan
15,Y,N,N,N,N,nan,nan,nan,nan,53819.0785375,nan,nan,nan
16,Y,N,N,N,N,nan,nan,nan,nan,53819.0763803,nan,nan,nan
17,N,N,N,N,N,21.249340854594337,20.129683989009738,1.4445533171636393,1.26249384419283,53819.0703918,10527.356496125441,451.4931538709627,10075.863342254479
18,N,N,N,N,Y,8.925311265519346,17.657972415258875,1.6534642311597818,1.5041092436846049,53819.0700237,nan,nan,nan
19,Y,N,N,N,N,nan,nan,nan,nan,53819.0726405,nan,nan,nan
20,Y,N,N,N,N,nan,nan,nan,nan,53819.0734995,nan,nan,nan
21,Y,N,N,N,N,nan,nan,nan,nan,53819.0757667,nan,nan,nan
22,Y,N,N,N,N,nan,nan,nan,nan,53819.0782701,nan,nan,nan
23,Y,N,N,N,N,nan,nan,nan,nan,53819.0761347,nan,nan,nan
24,Y,N,N,N,N,nan,nan,nan,nan,53819.0787831,nan,nan,nan
25,Y,N,N,N,N,nan,nan,nan,nan,53819.0791513,nan,nan,nan
26,Y,N,N,N,N,nan,nan,nan,nan,53819.0786604,nan,nan,nan
27,N,N,N,N,N,20.849514837021392,10.857446260898481,1.3349565597655773,1.562527537145236,53819.0706372,10571.267086861182,271.2137157885082,10300.053371072674
28,N,N,N,N,Y,15.778376243412064,8.064614809273278,1.7165788080348492,1.2682208957494712,53819.0707598,nan,nan,nan
29,N,N,N,N,Y,25.10002792933337,16.10379501609089,1.0457948885743904,1.4908310898698087,53819.0705154,nan,nan,nan
30,Y,N,N,N,N,nan,nan,nan,nan,53819.0730091,nan,nan,nan
31,Y,N,N,N,N,nan,nan,nan,nan,53819.0732541,nan,nan,nan
32,Y,N,N,N,N,nan,nan,nan,nan,53819.0755216,nan,nan,nan
33,Y,N,N,N,N,nan,nan,nan,nan,53819.0762575,nan,nan,nan
34,Y,N,N,N,N,nan,nan,nan,nan,53819.0758896,nan,nan,nan
35,Y,N,N,N,N,nan,nan,nan,nan,53819.075644,nan,nan,nan
36,Y,N,N,N,N,nan,nan,nan,nan,53819.0790282,nan,nan,nan
1,N,N,N,N,N,20.999957649764095,19.9793833637135,1.4901984915918278,1.046054402884789,53819.1050897,9013.545498017735,428.37465365842155,8585.170844359312
2,N,N,N,N,Y,8.332225699662494,17.197791026203582,1.57409091338018,1.6412193434706432,53819.104722,nan,nan,nan
3,N,N,N,N,Y,15.181867732792483,22.2403625672209,1.5337636882802654,1.2336696757376249,53819.1049671,nan,nan,nan
4,Y,N,N,N,N,nan,nan,nan,nan,53819.1074659,nan,nan,nan
5,Y,N,N,N,N,nan,nan,nan,nan,53819.1079575,nan,nan,nan
6,Y,N,N,N,N,nan,nan,nan,nan,53819.108202,nan,nan,nan
7,Y,N,N,N,N,nan,nan,nan,nan,53819.1101882,nan,nan,nan
8,N,N,N,N,Y,8.864537295482526,12.725177257849793,1.5565977401543512,1.5743211283444811,53819.1045989,nan,nan,nan
9,Y,N,N,N,N,nan,nan,nan,nan,53819.1071974,nan,nan,nan
10,N,N,N,N,Y,10.789376800309396,7.168392407649901,1.792337305092269,1.5047704417620487,53819.1044533,nan,nan,nan
11,Y,N,N,N,N,nan,nan,nan,nan,53819.1073443,nan,nan,nan
12,Y,N,N,N,N,nan,nan,nan,nan,53819.1075884,nan,nan,nan
13,Y,N,N,N,N,nan,nan,nan,nan,53819.1105561,nan,nan,nan
14,Y,N,N,N,N,nan,nan,nan,nan,53819.1108015,nan,nan,nan
15,N,N,N,N,Y,24.764944561463405,15.946363601109567,1.3214277841914974,1.6557825212693627,53819.1052125,nan,nan,nan
16,Y,N,N,N,N,nan,nan,nan,nan,53819.1078339,nan,nan,nan
17,Y,N,N,N,N,nan,nan,nan,nan,53819.1100423,nan,nan,nan
18,Y,N,N,N,N,nan,nan,nan,nan,53819.1106787,nan,nan,nan
19,Y,N,N,N,N,nan,nan,nan,nan,53819.110311,nan,nan,nan
20,Y,N,N,N,N,nan,nan,nan,nan,53819.1110478,nan,nan,nan
21,Y,N,N,N,N,nan,nan,nan,nan,53819.1109241,nan,nan,nan
22,N,N,N,N,Y,10.433406061840442,23.81690094846819,1.459993081085294,1.8174770560702085,53819.1048443,nan,nan,nan
23,N,N,N,N,N,20.243760105149963,10.579649372600867,1.7722097223628637,1.4437259501649655,53819.1053352,9168.117265907998,281.13973483395444,8886.977531074044
24,N,N,N,N,Y,15.184934707217822,7.896046293857403,1.3710731077508296,1.1351932486894496,53819.1054579,nan,nan,nan
25,Y,N,N,N,N,nan,nan,nan,nan,53819.1077113,nan,nan,nan
26,Y,N,N,N,N,nan,nan,nan,nan,53819.1080792,nan,nan,nan
27,Y,N,N,N,N,nan,nan,nan,nan,53819.1104389,nan,nan,nan
1,N,N,N,N,Y,8.869590220716407,11.95616860830523,1.2451413824914168,1.4454885350338862,53606.2488978,nan,nan,nan
2,N,N,N,N,Y,20.185848644219988,9.952137676933017,1.435371181393765,1.091496340764152,53606.249634,nan,nan,nan
3,N,N,N,N,Y,15.169517676117295,7.146225233747893,1.1389336634755527,1.4789946010253099,53606.2497568,nan,nan,nan
4,N,N,N,N,N,20.976666034488666,19.18880209110357,1.2498407759534353,1.614583837291178,53606.2493886,197110.86883305002,3888.1950189933305,193222.67381405667
5,N,N,N,N,Y,10.32891904674517,23.01381897859342,1.2642143463058062,1.479661858153398,53606.2491432,nan,nan,nan
6,N,N,N,N,Y,10.978718799885574,6.594607917640269,1.732154783653385,1.4116018315713277,53606.2487521,nan,nan,nan
7,N,N,N,N,Y,8.325010093089071,16.72859665245604,1.6388376656109918,1.5648160831824907,53606.2490206,nan,nan,nan
8,N,N,N,N,Y,24.67059254938782,15.119072233614766,1.4141374325832547,1.8173803007432114,53606.2495114,nan,nan,nan
9,N,N,N,N,N,15.124808188030443,21.73455879060657,1.274729802658887,1.3977041848950997,53606.249267,193099.86274957072,3698.089226298472,189401.77352327225
1,N,N,N,N,Y,10.19127168501879,23.176149655773344,1.1803714081722063,1.4624979897467434,53606.0439992,nan,nan,nan
2,N,N,N,N,Y,8.14508446123669,16.886327097422654,1.3405393697288248,1.1054740784934944,53606.0438766,nan,nan,nan
3,N,N,N,N,N,15.005149331094122,21.901560647132463,1.4270653747402704,1.0866677638115776,53606.0441223,196951.69832917972,3877.5735544102768,193074.12477476944
4,N,N,N,N,Y,8.496981179212076,12.107744895282076,1.7642308719465147,1.4028739480833397,53606.0437538,nan,nan,nan
5,N,N,N,N,Y,10.475725962455465,6.929422120022882,1.7884377865280578,1.3212767216055044,53606.0436079,nan,nan,nan
6,N,N,N,N,N,20.826063874925946,19.457483057625378,1.660180029860917,1.887155161952005,53606.0442444,198064.29750624852,3809.097849663085,194255.19965658544
7,N,N,N,N,Y,15.03825116121195,7.356724522248586,1.3137791744890253,1.740165396062547,53606.0446125,nan,nan,nan
8,N,N,N,N,Y,24.321297124285945,15.33124353268535,1.8250242118238351,1.6115050145738035,53606.0443672,nan,nan,nan
9,N,N,N,N,N,20.080694788930128,10.068177905972236,1.0113977935835563,1.5206245417452622,53606.04449,197139.8481934113,3856.3105961511224,193283.53759726018
1,N,N,N,N,Y,10.991576814306516,6.524069075901512,1.7970721211157665,1.388682608159508,53606.230327,nan,nan,nan
2,N,N,N,N,N,21.058550579938114,19.201466954336382,1.569873097602003,1.1712202842991275,53606.2309606,175606.8596642523,2714.1325843122004,172892.7270799401
3,N,N,N,N,Y,8.95963953161684,11.949401969902581,1.463212135284453,1.0889817788010148,53606.2304705,nan,nan,nan
4,N,N,N,N,Y,10.56004246185765,22.992523958365126,1.2989730138795426,1.7670302937648303,53606.230715,nan,nan,nan
5,N,N,N,N,Y,24.87109031362123,15.121763027880704,1.669956157577494,1.2858177264130528,53606.2310841,nan,nan,nan
6,N,N,N,N,Y,20.269659077306063,9.927215267796937,1.2707338982577114,1.400891811416163,53606.2312058,nan,nan,nan
7,N,N,N,N,N,15.194844557371782,21.733621337398304,1.3429269671317343,1.4553007537249663,53606.2308378,172585.6211260773,3128.2563021593937,169457.36482391792
8,N,N,N,N,Y,8.601433795474257,16.711603232369434,1.9369274683379571,1.6576653215787396,53606.2305923,nan,nan,nan
9,N,N,N,N,Y,15.24831895441958,7.121952942144815,1.444364685591167,1.231508181771888,53606.2313286,nan,nan,nan
1,N,N,N,N,N,20.330501046024,10.051925401855522,1.4811298466274412,1.2758127664846706,53606.2699151,77272.42855583856,1450.0812920248495,75822.34726381372
2,N,N,N,N,Y,9.000385520214857,12.132090877489667,1.1234473459106866,1.5972913695459028,53606.2691779,nan,nan,nan
3,N,N,N,N,Y,10.684916374717282,23.13868658991686,1.4222672439867738,1.7952253319124978,53606.2694231,nan,nan,nan
4,N,N,N,N,Y,15.296796491037819,7.378274157784354,1.5515486020237592,1.8387065502085136,53606.2700367,nan,nan,nan
5,N,N,N,N,Y,8.628701210543053,16.92890389334216,1.7774873404405478,1.3166679783458233,53606.2693014,nan,nan,nan
6,N,N,N,N,N,21.080068317742338,19.506177865423496,1.2904613442579398,1.7439449661358413,53606.2696686,77787.97464144885,1704.3202634088098,76083.65437804004
7,N,N,N,N,N,15.25455972067988,21.921112548217742,1.2545668327444102,1.354807287364042,53606.2695461,78126.80190683558,1625.6749503664582,76501.12695646912
8,N,N,N,N,Y,10.94958107461092,6.915473466544266,1.1489297299382921,1.4028286598123247,53606.2690321,nan,nan,nan
9,N,N,N,N,Y,24.95263684210186,15.334160148775618,1.423414920543913,1.8081289442376571,53606.2697915,nan,nan,nan
1,N,N,N,N,N,15.114481659863339,21.70616765916361,1.2765236669393722,1.4575294165835782,53606.2419523,48515.18118990057,1281.084060354331,47234.09712954624
2,N,N,N,N,Y,10.301976823722507,22.99746516942838,1.4326588412244725,1.2541237627659378,53606.24183,nan,nan,nan
3,N,N,N,N,Y,24.650877300969963,15.090537227733549,1.3669756097189465,1.7989238727761128,53606.2421977,nan,nan,nan
4,N,N,N,N,Y,15.151475931868013,7.12257822198706,1.4796940890580215,1.0821273911430604,53606.2424433,nan,nan,nan
5,N,N,N,N,Y,10.868265104658331,6.671757506782211,1.70851209843044,1.5953077735144099,53606.2414383,nan,nan,nan
6,N,N,N,N,Y,20.171457456658054,9.928353672192964,1.4363536487204749,1.0998710499075033,53606.2423205,nan,nan,nan
7,N,N,N,N,Y,8.788782019533333,11.955761650826092,1.5689351320534837,1.2923736252760476,53606.2415846,nan,nan,nan
8,N,N,N,N,Y,8.290120115065106,16.707045385006488,1.5978248875057612,1.5383057809323617,53606.2417068,nan,nan,nan
9,N,N,N,N,N,20.97362868056353,19.149253733367367,1.6159550539288299,1.1797533064007186,53606.2420749,49490.49937836864,1092.4558065832273,48398.04357178541
1,N,N,N,N,N,20.918061369076632,19.286302789453504,1.7271572153984365,1.4350771562931288,53605.9968526,26313.335870645282,436.1912461162603,25877.14462452902
2,N,N,N,N,N,20.122811158916853,10.008817459752922,1.4856865367954513,0.9889355112894506,53605.9970977,26099.54374557942,407.8048670322288,25691.738878547192
3,Y,N,N,N,N,nan,nan,nan,nan,53605.9989496,nan,nan,nan
4,Y,N,N,N,N,nan,nan,nan,nan,53605.9993408,nan,nan,nan
5,Y,N,N,N,N,nan,nan,nan,nan,53605.9997089,nan,nan,nan
6,Y,N,N,N,N,nan,nan,nan,nan,53605.9999542,nan,nan,nan
7,N,N,N,N,Y,8.221757815837117,16.82336025202594,1.2813659321474469,1.3676675292390281,53605.9964843,nan,nan,nan
8,N,N,N,N,Y,24.49230959886992,15.171171770574224,1.830491577016255,1.552656346233274,53605.996976,nan,nan,nan
9,N,N,N,N,Y,15.080178288452364,7.210219525112626,1.5979712430083615,1.166058578503231,53605.9972205,nan,nan,nan
10,Y,N,N,N,N,nan,nan,nan,nan,53605.9995864,nan,nan,nan
11,Y,N,N,N,N,nan,nan,nan,nan,53605.9998314,nan,nan,nan
12,N,N,N,N,Y,10.896865215817137,6.750282105797018,1.4765427309582975,1.5476216346319558,53605.9962164,nan,nan,nan
13,N,N,N,N,N,15.07262983550299,21.80833301150354,1.3379063807972662,1.172434250548206,53605.9967297,25622.534917321795,653.7722239989347,24968.76269332286
14,Y,N,N,N,N,nan,nan,nan,nan,53605.9992181,nan,nan,nan
15,Y,N,N,N,N,nan,nan,nan,nan,53605.9994644,nan,nan,nan
16,N,N,N,N,Y,10.240398174306865,23.083313470639393,1.1446738308537672,1.4115727952989117,53605.9966071,nan,nan,nan
17,N,N,N,N,Y,8.743997265586923,12.039677243003469,1.293850621821518,1.6463805390371322,53605.9963627,nan,nan,nan
18,Y,N,N,N,N,nan,nan,nan,nan,53605.9990955,nan,nan,nan
1,N,N,N,N,Y,10.968145559492385,6.988267877196978,1.0524683153705596,1.5265257470185463,53606.0044961,nan,nan,nan
2,N,N,N,N,N,20.333178270702053,10.075995577771906,1.5058415305392516,1.3144463882720472,53606.0053788,24849.29762776477,443.02308417272224,24406.274543592048
3,N,N,N,N,Y,15.290900311112878,7.4338831973201245,1.561494665630092,1.861514731461175,53606.0055005,nan,nan,nan
4,N,N,N,N,Y,8.995280346673828,12.16615049111832,1.18314475735435,1.6108628130741385,53606.0046418,nan,nan,nan
5,N,N,N,N,N,15.238895552688197,21.963914434437374,1.3464775587317,1.2084279631234016,53606.0050099,25372.620674621216,557.1927724676848,24815.42790215353
6,N,N,N,N,N,21.07382888652944,19.54010078969223,1.7172997620662258,1.2887116096359637,53606.0051323,25263.303482523435,330.4583295452157,24932.84515297822
7,N,N,N,N,Y,24.936964583283224,15.43561909213577,1.4754521513683583,1.8619258578024311,53606.0052553,nan,nan,nan
8,N,N,N,N,Y,8.582065278787123,16.968109001400585,1.782026180422005,1.3038454155636212,53606.0047652,nan,nan,nan
9,N,N,N,N,Y,10.666291768588662,23.19184338819425,1.8278626367319106,1.5238387461730136,53606.0048869,nan,nan,nan
1,N,N,N,N,Y,24.97653522449405,15.129481934133134,1.6199727482227864,1.151675915877423,53606.0691982,nan,nan,nan
2,Y,N,N,N,N,nan,nan,nan,nan,53606.0711136,nan,nan,nan
3,N,N,N,Y,Y,nan,nan,nan,nan,53606.0744694,nan,nan,nan
4,N,N,N,Y,Y,nan,nan,nan,nan,53606.0748372,nan,nan,nan
5,N,N,N,N,N,15.320798865284907,21.753277680217167,1.532292723903147,1.6305398267089544,53606.0689517,20785.379764367204,501.5639019670146,20283.815862400188
6,N,N,N,N,Y,20.458856980311857,9.94390482184264,1.7615371582060195,1.3159720789533447,53606.0693197,nan,nan,nan
7,N,N,N,N,Y,9.029527587837052,12.012311890903945,1.5167636098586696,1.0250730619415434,53606.0685845,nan,nan,nan
8,N,N,N,N,N,21.13683299103131,19.186555128780842,1.4787429520991784,1.1903123505565036,53606.0690744,21102.945429827967,322.47565005611625,20780.46977977185
9,Y,N,N,N,N,nan,nan,nan,nan,53606.0721183,nan,nan,nan
10,N,N,N,Y,Y,nan,nan,nan,nan,53606.0742242,nan,nan,nan
11,N,N,N,Y,Y,nan,nan,nan,nan,53606.0745915,nan,nan,nan
12,N,N,N,N,Y,11.017547441930766,6.679170967736422,1.331298169792097,1.5279668898467056,53606.0684378,nan,nan,nan
13,N,N,N,N,Y,15.351588268148037,7.10558809176802,1.3991144262254191,1.5435833180747291,53606.0694426,nan,nan,nan
14,N,N,N,N,Y,10.746699875388323,23.005424043387137,1.2885298367349165,1.5976916173757976,53606.068829,nan,nan,nan
15,Y,N,N,N,N,nan,nan,nan,nan,53606.0717505,nan,nan,nan
16,Y,N,N,N,N,nan,nan,nan,nan,53606.0712595,nan,nan,nan
17,Y,N,N,N,N,nan,nan,nan,nan,53606.0716284,nan,nan,nan
18,Y,N,N,N,N,nan,nan,nan,nan,53606.0719956,nan,nan,nan
19,N,N,N,Y,Y,nan,nan,nan,nan,53606.0747144,nan,nan,nan
20,N,N,N,Y,Y,nan,nan,nan,nan,53606.0743463,nan,nan,nan
21,N,N,N,N,Y,8.759343850594506,16.76884741538706,1.7641507167901385,1.5168524507095151,53606.0687063,nan,nan,nan
22,Y,N,N,N,N,nan,nan,nan,nan,53606.0713821,nan,nan,nan
23,Y,N,N,N,N,nan,nan,nan,nan,53606.0718729,nan,nan,nan
24,Y,N,N,N,N,nan,nan,nan,nan,53606.0715051,nan,nan,nan
25,N,N,N,Y,Y,nan,nan,nan,nan,53606.0738329,nan,nan,nan
26,N,N,N,Y,Y,nan,nan,nan,nan,53606.0741009,nan,nan,nan
27,N,N,N,Y,Y,nan,nan,nan,nan,53606.0739784,nan,nan,nan
1,N,N,N,N,Y,10.273477448894498,23.093072092771784,2.0805324248025814,1.4646811548449643,53606.293371,nan,nan,nan
2,Y,N,N,N,N,nan,nan,nan,nan,53606.2958931,nan,nan,nan
3,Y,N,N,N,N,nan,nan,nan,nan,53606.2957482,nan,nan,nan
4,N,N,N,N,Y,10.85656662548984,6.70142198783016,1.2997787961544385,1.7898523514723483,53606.2929801,nan,nan,nan
5,N,N,N,N,N,20.89128593657366,19.389845788140843,1.4247450249900218,1.9238245189995362,53606.2936164,18306.6582959875,320.9669284263082,17985.691367561194
6,Y,N,N,N,N,nan,nan,nan,nan,53606.2961384,nan,nan,nan
7,N,N,N,N,Y,20.051403278533144,9.958637390010397,1.085210847479337,1.838280070198336,53606.2938619,nan,nan,nan
8,Y,N,N,N,N,nan,nan,nan,nan,53606.2965065,nan,nan,nan
9,N,N,N,N,N,14.981546022024352,21.84173055641946,1.8108554624924178,0.9925524990386863,53606.2934941,17967.715337574005,253.33962873887958,17714.375708835127
10,N,N,N,N,Y,24.601053953131803,15.2673903369142,2.3206967052551706,1.7470939655041853,53606.2937395,nan,nan,nan
11,N,N,N,N,Y,15.007319336808226,7.295152564616222,1.5304538538398722,1.896235891935313,53606.2939846,nan,nan,nan
12,Y,N,N,N,N,nan,nan,nan,nan,53606.2966294,nan,nan,nan
13,Y,N,N,N,N,nan,nan,nan,nan,53606.2960158,nan,nan,nan
14,Y,N,N,N,N,nan,nan,nan,nan,53606.2962612,nan,nan,nan
15,N,N,N,N,Y,8.223283539828252,16.84447927272324,1.2132099666523235,2.1534629877992386,53606.2932484,nan,nan,nan
16,N,N,N,N,Y,8.821978110108349,12.008664472232496,1.1697690453960723,1.832778452568856,53606.2931301,nan,nan,nan
17,Y,N,N,N,N,nan,nan,nan,nan,53606.296385,nan,nan,nan
18,Y,N,N,N,N,nan,nan,nan,nan,53606.2967519,nan,nan,nan
1,N,N,N,N,Y,10.70355734501247,6.935981731675088,1.7450804444413048,1.3259559628631614,53606.278781,nan,nan,nan
2,N,N,N,N,Y,10.274794371949714,23.17648302931876,1.3668320639596263,1.4971239175400617,53606.2791722,nan,nan,nan
3,N,N,N,N,Y,8.239533587209994,16.912006200119706,1.3384328146006101,1.2160384126057888,53606.2790493,nan,nan,nan
4,N,N,N,N,N,15.107795000762469,21.98573006833948,1.4940521552560881,0.9802009487466026,53606.279295,14564.753399727511,438.6915290699332,14126.061870657579
5,N,N,N,N,N,20.953680923749538,19.55336966796735,1.4437006480862258,1.7658657353189897,53606.2794173,14625.910430182172,251.5025955582169,14374.407834623955
6,N,N,N,N,Y,15.129284960738618,7.403401411592542,1.3169882004845659,1.744576551678034,53606.2797855,nan,nan,nan
7,N,N,N,N,Y,8.714095522781768,12.118459426875726,1.743414483923655,1.3801846025413471,53606.2789266,nan,nan,nan
8,N,N,N,N,N,20.175821841113223,10.090606747653787,1.057593322088498,1.4501327705757994,53606.2796628,14429.281546857716,522.5904515601061,13906.691095297609
9,N,N,N,N,Y,24.557216610529764,15.414907064251652,1.9867914520170467,1.8984041166660273,53606.2795401,nan,nan,nan
1,N,N,Y,N,N,18.614349988633105,10.91744511640433,8.535011695491036,1.5453691658936657,53606.254715,nan,nan,nan
2,N,N,N,N,Y,22.762166230704295,16.26843953680475,9.072825911172005,1.0996368327363515,53606.2545925,nan,nan,nan
3,N,N,N,N,Y,13.07436473925485,8.448752760000401,3.6457384389869523,0.19251719431813313,53606.2548376,nan,nan,nan
4,N,N,N,N,Y,13.570690705069135,22.523768323187323,8.209474936837193,1.7820242858618807,53606.254348,nan,nan,nan
5,N,N,N,N,Y,6.5114941993824225,17.650520490380813,8.80333276996941,1.8072896218094399,53606.2541017,nan,nan,nan
6,N,N,N,N,Y,7.237924892356806,12.857050653568685,8.482430845810244,1.6497809548197961,53606.2539789,nan,nan,nan
7,N,N,N,N,Y,10.359146127734848,22.89120156673699,1.6771483809325218,1.3304683389894896,53606.2542243,nan,nan,nan
8,N,N,Y,N,N,19.141262901976816,20.40885658541784,3.610747378651574,0.18762508930234403,53606.2544697,nan,nan,nan
9,N,N,N,N,Y,9.103546613373199,7.415500390775695,8.746729603207392,1.81671805500615,53606.2538332,nan,nan,nan
1,N,N,N,N,Y,11.076892728452574,6.836068627401398,1.3132674363697763,1.166711356766628,53606.2658229,nan,nan,nan
2,N,N,N,N,Y,10.931231516893014,23.02535592981967,1.5771728128593838,1.1135620774915165,53606.2662142,nan,nan,nan
3,N,N,N,N,N,15.642468474136425,21.781566610065877,1.5085809829077763,1.9249693914629746,53606.2663365,7692.130083600021,328.7647800563099,7363.365303543711
4,N,N,N,N,N,21.227807840375675,19.165426855498204,1.3346565992829997,1.4482750057838116,53606.2664596,7207.340583797513,60.1895502489598,7147.151033548554
5,N,N,N,N,Y,15.691284307611893,7.092516132906026,1.728941944040666,1.3803174079178886,53606.2668272,nan,nan,nan
6,N,N,N,N,Y,9.140645404092355,12.048775278648154,1.0213609943478907,1.4698852434436462,53606.2659683,nan,nan,nan
7,N,N,N,N,Y,20.737726011469586,9.92366255977568,1.6805024213114887,1.3129974085293314,53606.2667045,nan,nan,nan
8,N,N,N,N,Y,8.92665272869316,16.764967717652105,1.4158931472296103,1.4208706750391957,53606.266091,nan,nan,nan
9,N,N,N,N,Y,25.09176148019149,15.135342678993796,1.5437672637091058,1.08985159371747,53606.2665819,nan,nan,nan
1,N,N,N,N,N,15.187613694604423,21.805942076392427,1.2828845571308314,1.3463359592859454,53606.2372012,7496.932969614202,264.77710684815537,7232.155862766047
2,N,N,N,N,N,20.261958945739803,10.000125786215953,1.1825945131339273,1.4696952727845753,53606.2375748,7489.790940513431,399.594450062002,7090.19649045143
3,N,N,N,N,Y,10.524932871001988,23.045532754028155,1.3076247989969814,1.804475606977746,53606.2370794,nan,nan,nan
4,N,N,N,N,Y,15.219363505929593,7.165624180818871,1.4844164860510918,1.3142737541600789,53606.2376929,nan,nan,nan
5,N,N,N,N,Y,8.538655348725806,16.825251005681444,1.4435301697767895,1.8923212411239905,53606.2369558,nan,nan,nan
6,N,N,N,N,Y,24.856404738286837,15.171543107840149,1.662681140942122,1.4241739735576875,53606.2374466,nan,nan,nan
7,N,N,N,N,Y,8.959247732431761,12.001673869088325,1.0878378487141778,1.5216873509479818,53606.2368331,nan,nan,nan
8,N,N,N,N,Y,11.016179363332341,6.705199292558856,1.448403338097145,1.2973859191263095,53606.2366874,nan,nan,nan
9,N,N,N,N,N,21.062647887425182,19.251525145563342,1.579446639455512,1.222196131783259,53606.2373239,7543.181018521816,-153.62560484504846,7696.806623366865
1,N,N,N,N,Y,10.948135038092833,6.68111126889384,1.6129617822788545,1.446366489638814,53606.2335335,nan,nan,nan
2,N,N,N,N,Y,8.593656093636252,16.76448547256319,1.9419694594624533,1.5524518700824392,53606.2338018,nan,nan,nan
3,N,N,N,N,N,15.246777927039863,21.742671978691686,1.4221378186865508,1.4972475673162313,53606.2340473,8222.80145341694,646.2700814480478,7576.531371968892
4,N,N,N,N,Y,10.630636559534159,23.013844185486406,1.7555683918604703,1.3191158989935325,53606.2339247,nan,nan,nan
5,N,N,N,N,N,21.117450035149215,19.1981885369688,1.1787310994525861,1.5183006097204805,53606.2341701,8449.480754635753,560.8662637691148,7888.614490866638
6,N,N,N,N,Y,20.37429676498037,9.948162777806811,1.319994352976992,1.6509164243446015,53606.2344153,nan,nan,nan
7,N,N,N,N,Y,8.914423740553136,11.975744732624614,1.484824222197283,1.0924322186739435,53606.2336791,nan,nan,nan
8,N,N,N,N,Y,24.95893955107716,15.131210831533267,1.668592385250315,1.1861198298222988,53606.2342926,nan,nan,nan
9,N,N,N,N,Y,15.293098310035013,7.102994499649645,1.4797673453395501,1.3619933134862814,53606.2345381,nan,nan,nan
1,N,N,N,N,Y,8.457634740637026,16.881007675248743,1.3768192667725483,1.7504817720089634,53606.0773706,nan,nan,nan
2,N,N,N,N,Y,15.20003776260722,7.329536325413063,1.7170673522771411,1.4107753223340922,53606.0781067,nan,nan,nan
3,N,N,N,N,Y,10.991845848781791,6.725569787051273,1.498247754906762,1.362243262242516,53606.0771031,nan,nan,nan
4,N,N,N,N,N,21.034867529919524,19.41314362887261,1.3142228259560034,1.7882556147808024,53606.0777398,7964.191081240437,199.91183271462415,7764.279248525812
5,N,N,N,N,Y,10.474383048560567,23.097468925977942,1.7354660374063793,1.435216178323066,53606.0774932,nan,nan,nan
6,N,N,N,N,N,20.24961304575876,10.052467823090018,1.138571849239596,1.4106027170953261,53606.077984,7971.419097942428,261.6121698549645,7709.806928087464
7,N,N,N,N,Y,8.94204656263202,12.030245682314883,1.0892038993348114,1.573452292165507,53606.077248,nan,nan,nan
8,N,N,N,N,N,15.167986702763463,21.86205741112004,1.3287605203730088,1.1419345137650756,53606.077616,7839.7378206562435,234.25950724182405,7605.478313414419
9,N,N,N,N,Y,24.849707194148063,15.281439998286606,1.8041973343888442,1.5914858744748024,53606.0778614,nan,nan,nan
1,N,N,N,N,Y,8.68233012321737,11.98887662702267,1.2979161387862426,1.7008465332125506,53606.2821964,nan,nan,nan
2,N,N,N,N,Y,10.287761914242967,23.014269055521446,1.4197504125231843,1.2111144928267072,53606.2824417,nan,nan,nan
3,N,N,N,N,Y,15.137995498495362,7.102943909853051,1.483869918421417,1.0862774536746687,53606.2830608,nan,nan,nan
4,N,N,N,N,Y,20.163149647195308,9.894131030384221,1.2060822594634502,1.363786176082567,53606.2829324,nan,nan,nan
5,N,N,N,N,N,15.107059798275941,21.702093873860374,1.275688980233933,1.5095255042719735,53606.2825655,6653.053062884539,143.7632871463007,6509.289775738238
6,N,N,N,N,Y,10.744273389723695,6.732571640214233,1.616997992347348,1.8477738176501226,53606.2820506,nan,nan,nan
7,N,N,N,N,Y,24.637145282046998,15.078649178428858,1.817760806652298,1.3545757144775947,53606.2828099,nan,nan,nan
8,N,N,N,N,Y,8.25420354672733,16.71066393450344,1.5900611761311723,1.4137700314322392,53606.2823191,nan,nan,nan
9,N,N,N,N,N,20.98589916626501,19.145880931855213,1.6288059247812186,1.1343600028428649,53606.2826871,7201.275560939316,148.07689572401154,7053.198665215305
1,N,N,N,N,Y,8.599528615157517,16.897872577977257,1.8151030391201495,1.3675504243250143,53606.0601856,nan,nan,nan
2,Y,N,N,N,N,nan,nan,nan,nan,53606.062903,nan,nan,nan
3,N,N,N,N,N,20.29124420431391,10.040738084528595,1.2403046291499586,1.4666573641695264,53606.060799,6322.586051911196,106.0283370269735,6216.557714884222
4,Y,N,N,N,N,nan,nan,nan,nan,53606.0631485,nan,nan,nan
5,N,N,N,N,Y,24.910990340064664,15.314933525659994,1.8295768403615158,1.5151657642728484,53606.0606764,nan,nan,nan
6,Y,N,N,N,N,nan,nan,nan,nan,53606.0656679,nan,nan,nan
7,Y,N,N,N,N,nan,nan,nan,nan,53606.0662813,nan,nan,nan
8,N,N,N,N,Y,11.00867624652551,6.801864796078149,1.3662192673373816,1.3390823771821971,53606.0599172,nan,nan,nan
9,Y,N,N,N,N,nan,nan,nan,nan,53606.0632721,nan,nan,nan
10,Y,N,N,N,N,nan,nan,nan,nan,53606.0653985,nan,nan,nan
11,Y,N,N,N,N,nan,nan,nan,nan,53606.0655443,nan,nan,nan
12,Y,N,N,N,N,nan,nan,nan,nan,53606.0630258,nan,nan,nan
13,Y,N,N,N,N,nan,nan,nan,nan,53606.0657896,nan,nan,nan
14,Y,N,N,N,N,nan,nan,nan,nan,53606.0661577,nan,nan,nan
15,N,N,N,N,Y,10.631063655220554,23.114769266156134,1.3798856774815824,1.7993428545398158,53606.0603092,nan,nan,nan
16,N,N,N,N,N,15.193385999964503,21.92111219055129,1.214474245305901,1.4307899643485305,53606.0604309,6121.734687151864,192.29256982011248,5929.442117331751
17,Y,N,N,N,N,nan,nan,nan,nan,53606.0626355,nan,nan,nan
18,Y,N,N,N,N,nan,nan,nan,nan,53606.0636392,nan,nan,nan
19,Y,N,N,N,N,nan,nan,nan,nan,53606.0627805,nan,nan,nan
20,Y,N,N,N,N,nan,nan,nan,nan,53606.0664031,nan,nan,nan
21,Y,N,N,N,N,nan,nan,nan,nan,53606.0660352,nan,nan,nan
22,N,N,N,N,Y,8.989319886282793,12.07471507601355,1.581228615756908,1.0606478648353093,53606.0600628,nan,nan,nan
23,N,N,N,N,Y,15.255174366210214,7.291826585937356,1.6998578633063153,1.4746208600565092,53606.0609226,nan,nan,nan
24,N,N,N,N,N,21.063905835543466,19.41760755498978,1.7379958013666816,1.3330578943037283,53606.0605537,6092.408444002731,189.13594840560668,5903.272495597124
25,Y,N,N,N,N,nan,nan,nan,nan,53606.0633939,nan,nan,nan
26,Y,N,N,N,N,nan,nan,nan,nan,53606.0635165,nan,nan,nan
27,Y,N,N,N,N,nan,nan,nan,nan,53606.0659125,nan,nan,nan
1,N,N,N,N,Y,10.313675928924411,22.89638000176587,1.3024868498395956,1.5255388682910969,53606.0519134,nan,nan,nan
2,N,N,N,N,Y,8.781631262844083,11.874050584465449,1.6865119144473544,1.3603906266765113,53606.0516685,nan,nan,nan
3,N,N,N,N,Y,8.286329337280039,16.4424773768684,1.8210285202566494,1.5916881667257567,53606.0517908,nan,nan,nan
4,N,N,N,N,N,20.96028642563145,19.06781263736401,1.5349214553405541,1.1238382036922385,53606.052159,6765.803025037474,121.66744111874051,6644.135583918734
5,N,N,N,N,Y,24.65725431763959,14.990133955388437,1.3192935048144903,1.732459779772891,53606.0522818,nan,nan,nan
6,N,N,N,N,Y,15.118047157159348,7.051902627052547,1.5012970958854395,1.0510746411512608,53606.0525269,nan,nan,nan
7,N,N,N,N,Y,10.860810189861716,6.287510033868569,1.8522339462826116,1.5572353719796277,53606.0515224,nan,nan,nan
8,N,N,N,N,N,15.145411340450135,21.431247724836545,1.7701809147426852,1.3057267197035198,53606.0520364,6674.591400903997,93.50725138597338,6581.084149518024
9,N,N,N,N,Y,20.165973780647086,9.76834824425232,1.4078603696712666,1.3185381919536643,53606.0524042,nan,nan,nan
1,N,N,N,N,Y,10.794516581635802,6.127962977870714,1.7189726424744958,1.373208954413585,53606.2569291,nan,nan,nan
2,N,N,N,N,Y,8.307917107214156,16.145282321153207,1.5101280622116369,1.4156526581955897,53606.2571976,nan,nan,nan
3,N,N,N,N,Y,8.823230763051704,11.615539836831536,1.764027322029522,1.8342897779530307,53606.2570749,nan,nan,nan
4,N,N,N,N,Y,24.669740244873385,14.908834198549435,1.7768034296899418,1.3439274721854053,53606.2576885,nan,nan,nan
5,N,N,N,N,N,20.956667341700705,18.93664478188722,1.1674228146246834,1.4412161601605193,53606.2575657,6786.719163933107,486.95561114459787,6299.763552788509
6,N,N,N,N,Y,20.172001446895077,9.51274100960145,1.7876751349134519,1.3556894251338334,53606.257811,nan,nan,nan
7,N,N,N,N,N,15.192005338603206,21.196125656306148,1.4976286352418229,1.124291311452479,53606.2574431,6492.805151698329,410.50589083656075,6082.299260861768
8,N,N,N,N,Y,10.30591282317159,22.744673906151338,1.6205198501792972,1.557874681352491,53606.2573203,nan,nan,nan
9,N,N,N,N,Y,15.144066732031382,6.867257085635455,1.376839789998908,1.1232009264265082,53606.2579336,nan,nan,nan
1,N,N,N,N,Y,10.18175414001544,23.010053039991913,1.4627379975611319,1.0694940419426344,53606.276033,nan,nan,nan
2,N,N,N,N,Y,24.336214804158207,15.074035287575143,1.599175334950956,1.3638443843468915,53606.2764016,nan,nan,nan
3,N,N,N,N,Y,10.668115584411938,6.443058139992713,1.805911961998029,2.013373491225083,53606.2756422,nan,nan,nan
4,N,N,N,N,Y,15.051231133402812,7.123963313771297,1.092318354574129,1.5598665963258913,53606.2766465,nan,nan,nan
5,N,N,N,N,N,15.049645800317638,21.70468301401969,1.4583989572946854,1.3182141753852996,53606.2761561,6082.207938599895,137.44347882227842,5944.764459777616
6,N,N,N,N,Y,8.61586453189384,11.929311848505254,1.3447664863311573,1.772726305096036,53606.2757881,nan,nan,nan
7,N,N,N,N,N,20.829421717450572,19.133975631641253,1.7112674662255007,1.3270847731799535,53606.2762787,6448.061533550773,105.299509022226,6342.762024528547
8,N,N,N,N,Y,8.192603670244985,16.629690104789614,1.325736605805654,1.6772677758428667,53606.2759107,nan,nan,nan
9,N,N,N,N,Y,20.074104154077567,9.918213449965995,1.4686059775214462,1.0671014344984804,53606.276524,nan,nan,nan
1,N,N,N,N,Y,15.255895381481327,7.235773029697545,1.4005032326477742,1.6127956456955035,53606.2261722,nan,nan,nan
2,N,N,N,N,Y,9.013547157951805,12.023216368009654,1.535570475876262,1.038003805069274,53606.2253139,nan,nan,nan
3,N,N,N,N,Y,10.629152801852339,23.089332906613564,1.7912991021875686,1.35491756188272,53606.2255589,nan,nan,nan
4,N,N,N,N,Y,20.322126263996807,9.996689655505081,1.431574299474654,1.2681145998950805,53606.2260496,nan,nan,nan
5,N,N,N,N,N,15.218010780104779,21.849607630627933,1.2380509365111732,1.3330338332817968,53606.2256818,5673.657207303535,-175.0863986806462,5848.743605984181
6,N,N,N,N,Y,11.080434385236726,6.633919417292413,1.296080013272561,1.582053320190451,53606.2251678,nan,nan,nan
7,N,N,N,N,N,21.076272843651896,19.315543173021553,1.2904645718335628,1.667566570608654,53606.2258042,5686.882063229697,-484.5291461021407,6171.411209331838
8,N,N,N,N,Y,8.606885755202022,16.866822083044056,1.8893874267909878,1.392289701891373,53606.2254363,nan,nan,nan
9,N,N,N,N,Y,24.90921047576322,15.2153616605443,1.3719838285855894,1.7384627481658002,53606.2259272,nan,nan,nan
1,N,N,N,N,Y,24.637885144138288,15.246042230880246,1.6496193339503347,1.8832190468943255,53606.0492099,nan,nan,nan
2,N,N,N,N,Y,10.87481992505765,6.748042541364865,1.56401556956552,1.468527590096817,53606.0484512,nan,nan,nan
3,N,N,N,N,N,20.956807047567704,19.36823551632779,1.753185383276131,1.4262865104826217,53606.0490875,6342.998425131036,77.06631411345727,6265.932111017579
4,N,N,N,N,N,15.086103029803565,21.832417561615294,1.302934179686985,1.16480408021405,53606.0489645,6291.057341300159,130.65332813518452,6160.4040131649745
5,N,N,N,N,Y,8.855671964430572,12.029336059155822,1.5526263338945936,1.2101241670315086,53606.0485965,nan,nan,nan
6,N,N,N,N,Y,8.27924499538527,16.838251985061795,1.499016999305536,1.3035073663330354,53606.0487191,nan,nan,nan
7,N,N,N,N,Y,15.140627152625733,7.275315845325051,1.6583299823435742,1.2576417476880004,53606.0494557,nan,nan,nan
8,N,N,N,N,N,20.187091296479835,10.060469034819814,1.4649883661647183,1.025156258014919,53606.0493327,6251.49271178187,91.82036463595904,6159.672347145911
9,N,N,N,N,Y,10.30480371081409,23.08248196835163,1.473318233899685,1.3110356137085115,53606.0488419,nan,nan,nan
1,N,N,N,N,Y,10.3098264907449,6.888726385330281,1.792704550074806,1.3447493267440216,53606.2599664,nan,nan,nan
2,N,N,N,N,Y,8.35869068549599,12.129869060216052,1.7070976346071745,1.4182285430336576,53606.260112,nan,nan,nan
3,N,N,N,N,Y,24.15725047627115,15.475092441371713,1.4911459116358745,1.914533314623093,53606.2607254,nan,nan,nan
4,N,N,N,N,Y,14.951876598926045,7.478086974828152,1.797889526152675,1.4569970810260373,53606.2609707,nan,nan,nan
5,N,N,N,N,N,20.66544059185861,19.668611344942676,1.8523667304739657,2.1154151652935416,53606.2606029,5986.880297650434,516.7943808386628,5470.085916811771
6,N,N,N,N,N,14.93878779818761,21.997426923153057,1.5341426107813654,1.1035444923800253,53606.26048,5789.552819827026,172.79319567252062,5616.759624154505
7,N,N,N,N,Y,10.105142224569995,23.223015705574966,1.4882693523111594,1.2389804927074326,53606.2603576,nan,nan,nan
8,N,N,N,N,N,20.021797059725554,10.10666801044361,1.579871633695453,1.0594506946128803,53606.2608481,6088.07396339233,584.0812369141105,5503.99272647822
9,N,N,N,N,Y,8.094111128854832,16.907638451747577,1.4063054644438464,1.057485615382167,53606.2602346,nan,nan,nan
1,N,N,N,N,N,15.184588435442295,21.895766690506978,1.1703997234881596,1.3173677137137403,53605.559186,88227.23687681482,1734.9669115240813,86492.26996529073
2,N,N,N,N,N,20.248861395377993,10.052790562747994,1.4155387318838781,1.1250677562561462,53605.559554,87459.30250503226,1745.2275502998245,85714.07495473244
3,N,N,N,N,Y,15.210378225238916,7.27881308071703,1.3517227282885478,1.6584811865143776,53605.5596767,nan,nan,nan
4,N,N,N,N,Y,24.799426760756496,15.329016002265433,1.8950888639826315,1.6813224208067248,53605.5594313,nan,nan,nan
5,N,N,N,N,Y,10.937797668174259,6.945374654102167,1.1237259187055093,1.4327584907371589,53605.5586724,nan,nan,nan
6,N,N,N,N,Y,10.512654470478738,23.134571598394054,1.804221917093335,1.4377132993777006,53605.5590633,nan,nan,nan
7,N,N,N,N,Y,8.448178964688987,16.925408779301517,1.740753560287502,1.3125203612017082,53605.5589406,nan,nan,nan
8,N,N,N,N,Y,8.965428562761398,12.122538083426083,1.1518424253822066,1.6094571675794247,53605.558818,nan,nan,nan
9,N,N,N,N,N,21.02698582773366,19.486475331348835,1.3392282481760902,1.7708676310866598,53605.5593089,88258.96875853109,1642.9038649163756,86616.06489361472
1,N,N,N,N,Y,10.614060634879554,6.872228736865431,1.3857488582599595,1.8670335578285386,53602.5817646,nan,nan,nan
2,N,N,N,N,Y,15.16822710778601,7.411708888030318,1.7748717817164446,1.343028043917453,53602.5827686,nan,nan,nan
3,N,N,N,N,N,20.224727280794152,10.091363738693557,1.1188332548239905,1.4159346747889503,53602.5826469,112387.2497318206,2120.4359559373124,110266.81377588329
4,N,N,N,N,Y,8.25538167850988,16.920975691595817,1.3514119913016325,1.2286849309500287,53602.5820334,nan,nan,nan
5,N,N,N,N,N,20.988153051229858,19.54432067323957,1.7499993392192938,1.3785387196668797,53602.5824006,113056.28960546234,2163.072570985133,110893.2170344772
6,N,N,N,N,Y,24.756562905101738,15.400990273607219,1.9480390014506421,1.7790261180414821,53602.5825233,nan,nan,nan
7,N,N,N,N,Y,10.325297526209685,23.15177882974428,1.4161910224953744,1.5238984248658909,53602.5821552,nan,nan,nan
8,N,N,N,N,Y,8.67530019224293,12.101447243126056,1.7622806508956175,1.3694252000779314,53602.5819098,nan,nan,nan
9,N,N,N,N,N,15.116139907137017,21.982775786167768,0.9886276808963227,1.4828384293046182,53602.5822779,112974.96167834749,1989.2024848731146,110985.75919347438
1,N,N,N,N,Y,8.707241267647591,16.882466915014692,1.726636169019274,1.3615638076441028,53605.6538408,nan,nan,nan
2,N,N,N,N,Y,9.047433012943127,12.078968725221202,1.5394568496051209,1.0232619209365215,53605.6537183,nan,nan,nan
3,N,N,N,N,Y,10.733967669283949,23.102893833883147,1.333303459298106,1.777985687213236,53605.6539635,nan,nan,nan
4,N,N,N,N,N,15.27347543769489,21.877972354304315,1.2851644133022606,1.3976024887936933,53605.6540862,11582.972266066134,387.7813556662564,11195.190910399877
5,N,N,N,N,N,21.099113671183368,19.341023490590967,1.2641968347189594,1.670800425279044,53605.6542088,11576.12560841265,158.2004568778457,11417.925151534804
6,N,N,N,N,N,20.35185964623447,10.006522211708184,1.5368782182788838,1.2658184309872385,53605.6544542,11281.824455686687,458.5208014956875,10823.303654190999
7,N,N,N,N,Y,24.9582747017552,15.228349868472149,1.3724609315049838,1.7261123798362359,53605.6543318,nan,nan,nan
8,N,N,N,N,Y,10.976394068100392,6.80595036185569,1.3506972016130137,1.3019189276032939,53605.6535724,nan,nan,nan
9,N,N,N,N,Y,15.296340132111187,7.229492155769645,1.5217212275358096,1.6168508706973654,53605.654577,nan,nan,nan
1,N,N,N,N,N,15.006880750420423,21.84990650552391,1.3161259419470837,1.4259267519788332,53600.1624617,11995.313327643005,136.70265110787804,11858.610676535127
2,N,N,N,N,Y,10.586954751722436,6.6859277747555454,1.7510987334539612,2.2493773489583844,53600.1619488,nan,nan,nan
3,N,N,N,N,Y,10.165815717769787,23.09137484068856,1.4664660769480038,1.0600411238567424,53600.1623389,nan,nan,nan
4,N,N,N,N,N,20.79712156212317,19.27198854456992,1.6738558474629242,2.0364572157546434,53600.1625855,12349.835322136802,403.2046047184257,11946.630717418377
5,N,N,N,N,Y,20.065374520476393,9.988311628714012,1.038995928582729,1.5393966923693745,53600.1628306,nan,nan,nan
6,N,N,N,N,Y,15.037442334015784,7.204554846418494,1.5971083502018315,1.2578770694698311,53600.1629524,nan,nan,nan
7,N,N,N,N,Y,24.27173736031845,15.174348678319685,1.5295414765239477,1.4922399595619709,53600.1627071,nan,nan,nan
8,N,N,N,N,Y,8.464518549620283,12.029484193974888,1.9284767612014586,1.3207496750352996,53600.1620938,nan,nan,nan
9,N,N,N,N,Y,8.132806076979048,16.792295667533548,1.3686390570818274,1.2275951737420774,53600.1622165,nan,nan,nan
1,N,N,N,N,Y,8.646578082074871,12.395501929075962,1.980796118982885,1.8669243896072443,53600.1185194,nan,nan,nan
2,N,N,N,N,N,20.243171341449333,10.292524984889177,1.3733604985625254,1.6809903960312158,53600.11925,7852.366506747093,357.43803500381443,7494.928471743278
3,N,N,N,N,Y,8.306607240499666,17.043110551121163,1.3734696364599615,1.2279467590636957,53600.1186368,nan,nan,nan
4,N,N,N,N,Y,15.184489814633382,22.147575416518468,1.093372409660726,1.4607785203816643,53600.1188824,nan,nan,nan
5,N,N,N,N,Y,10.373600958889067,23.51003651085504,1.7250056313152893,1.831142314912122,53600.1187597,nan,nan,nan
6,N,N,N,N,Y,24.778544298180975,15.849368583654742,1.7221788182436986,1.403093475976483,53600.1191276,nan,nan,nan
7,N,N,N,N,Y,15.172066202019098,7.802883552801732,1.352738363019769,1.2891643107026427,53600.1193729,nan,nan,nan
8,N,N,N,N,N,21.014084435014073,19.861626069155196,1.2957989286849967,1.28564349926171,53600.1190046,7771.743211782093,163.496044491973,7608.247167290119
9,N,N,N,N,Y,10.14073834656523,7.431070067093913,1.2832156023880021,1.8332719890358498,53600.1183682,nan,nan,nan
1,N,N,N,N,Y,24.711101405712277,15.386494097136472,2.0112748080417613,1.8940088319567039,53603.6206309,nan,nan,nan
2,N,N,N,N,Y,10.997639956199945,6.735778897450094,1.3367636819120665,1.4391066807177542,53603.6198718,nan,nan,nan
3,N,N,N,N,Y,10.404196193680725,23.124159748647347,1.3883674729741855,1.6062179442701738,53603.6202628,nan,nan,nan
4,N,N,N,N,Y,15.14679582034283,7.439602334625683,1.7772141444663483,1.3162233192330206,53603.6208763,nan,nan,nan
5,N,N,N,N,Y,8.3824913325967,16.909294616896943,1.3276731901251695,1.7277090520726277,53603.6201402,nan,nan,nan
6,N,N,N,N,N,20.996505672204965,19.473735388484585,1.4033255420093738,1.8373198610503467,53603.6205081,6756.322449740372,323.7928164594,6432.529633280972
7,N,N,N,N,N,15.141831239476339,21.955380975197727,1.0061359869605262,1.4843495223749903,53603.6203865,7002.836328030775,245.16933549440395,6757.666992536371
8,N,N,N,N,N,20.20524609549515,10.086967450702327,1.4533834152317568,1.1012360457073225,53603.6207538,6686.386379449961,226.52685988878625,6459.859519561175
9,N,N,N,N,Y,8.901774085636339,12.032722075859494,1.152603891908618,1.541216853862787,53603.6200177,nan,nan,nan
1,N,N,N,N,Y,11.13243808480445,7.058728906274158,1.0644349979600656,1.6485703327563377,53604.6636833,nan,nan,nan
2,Y,N,N,N,N,nan,nan,nan,nan,53604.6669803,nan,nan,nan
3,Y,N,N,N,N,nan,nan,nan,nan,53604.6672247,nan,nan,nan
4,N,N,N,N,Y,15.441268970486343,22.103297143971375,1.2178902200301034,1.8307646558247943,53604.664197,nan,nan,nan
5,Y,N,N,N,N,nan,nan,nan,nan,53604.6668567,nan,nan,nan
6,N,N,N,N,Y,15.611906655982938,7.666379270558743,2.082278764835358,1.6463186674933143,53604.6646888,nan,nan,nan
7,N,N,N,N,Y,9.16256316187273,12.238320380761966,1.110377243240606,1.7946257392101022,53604.663829,nan,nan,nan
8,N,N,N,N,Y,10.889589371418525,23.323871646940397,1.4677898481005116,1.9811317790575362,53604.6640755,nan,nan,nan
9,Y,N,N,N,N,nan,nan,nan,nan,53604.666734,nan,nan,nan
10,N,N,N,N,Y,25.10840687178263,15.694185648838195,1.7685029947264093,1.3907112161994781,53604.6644424,nan,nan,nan
11,Y,N,N,N,N,nan,nan,nan,nan,53604.6673474,nan,nan,nan
12,Y,N,N,N,N,nan,nan,nan,nan,53604.6666119,nan,nan,nan
13,Y,N,N,N,N,nan,nan,nan,nan,53604.6674701,nan,nan,nan
14,N,N,N,N,N,20.63273236936593,10.24795036657927,1.385675879767926,2.0691651642668347,53604.664565,6681.654332385811,227.11374653005495,6454.540585855756
15,N,N,N,N,Y,8.848764156619566,17.048183660004472,1.3423408351563662,1.7681060476999642,53604.6639517,nan,nan,nan
16,Y,N,N,N,N,nan,nan,nan,nan,53604.6664656,nan,nan,nan
17,Y,N,N,N,N,nan,nan,nan,nan,53604.6671021,nan,nan,nan
18,N,N,N,N,N,21.238131372942444,19.733011595764445,1.3088927941081367,1.6933996197855574,53604.6643198,6540.462442453163,189.39117622198015,6351.071266231183
1,N,N,N,N,Y,10.224761130383621,23.15031833294074,1.2635951224545123,1.4316264260265588,53628.5733631,nan,nan,nan
2,N,N,N,N,Y,10.68118307946331,6.926321542823336,1.7638514431127164,1.3268835004363368,53628.5729725,nan,nan,nan
3,N,N,N,N,Y,15.074095476776284,7.3177846018877215,1.698396656508627,1.304083228071576,53628.5739767,nan,nan,nan
4,N,N,N,N,N,15.044230531984367,21.895384335224005,1.4196188508261507,1.0682738147235336,53628.5734857,12475.481944383933,222.8638944958277,12252.618049888106
5,N,N,N,N,N,20.898126754125627,19.494870328731416,1.5580128408965979,1.835240388762862,53628.5736088,12428.854358048395,485.2231067747876,11943.631251273608
6,N,N,N,N,Y,24.46722158748009,15.34630542964853,1.901936093107893,1.885491127280193,53628.5737312,nan,nan,nan
7,N,N,N,N,Y,8.683856811256778,12.107220212447727,1.3977109694140761,1.7237757838989185,53628.5731178,nan,nan,nan
8,N,N,N,N,Y,8.20809996807496,16.893386816169457,1.3220208643420812,1.1792196626953575,53628.5732405,nan,nan,nan
9,N,N,N,N,N,20.124460457739747,10.070840258937295,1.5016227673071931,1.0354128279104247,53628.5738539,12149.636437249688,374.161449371508,11775.47498787818
1,N,N,N,N,Y,15.190966252611247,22.01802758040681,1.4639793438666104,1.0247466629049213,53628.6068425,nan,nan,nan
2,N,N,N,N,Y,24.829591195867582,15.405426328382408,1.9241376306915108,1.6831670801637593,53628.6070876,nan,nan,nan
3,N,N,N,N,Y,10.967099361560912,6.899446836600867,1.1401186933772147,1.411003855835171,53628.6063289,nan,nan,nan
4,N,N,N,N,Y,8.924028459151218,12.196821624774557,1.4240528616712453,1.6248009266959893,53628.6064741,nan,nan,nan
5,N,N,N,N,N,20.23155853814611,10.041653073881772,1.4512879018555183,1.0883301589244272,53628.6072103,10190.777379164629,107.86510965614482,10082.912269508484
6,N,N,N,N,N,21.028558556630763,19.58517418578812,1.6809191404093757,1.3169772382207163,53628.606965,9955.30740570692,199.51557602337377,9755.791829683547
7,N,N,N,N,Y,10.203328113461652,23.691316398936035,1.5405919339433458,1.3812331256135555,53628.6067195,nan,nan,nan
8,N,N,N,N,Y,8.231022285713149,17.150037734909812,1.4468004375299732,1.2528706177651039,53628.6065968,nan,nan,nan
9,N,N,N,N,Y,15.177050982919903,7.3395271052112525,1.7153441842771213,1.3662754763473384,53628.6073329,nan,nan,nan
1,N,N,N,N,Y,8.215483412358607,17.126602211406933,1.2199802197421523,1.4273781413942117,53628.7446448,nan,nan,nan
2,N,N,N,N,Y,10.209440364482276,23.629748524186926,1.6986304261563163,1.3921293916298587,53628.7447665,nan,nan,nan
3,N,N,N,N,Y,24.450631730931086,15.859599329605334,1.8009107583285173,1.3613824027130592,53628.7451347,nan,nan,nan
4,N,N,N,N,Y,8.686881988870292,12.503766145990024,1.945330321206373,1.8393001784456455,53628.7445211,nan,nan,nan
5,N,N,N,N,Y,15.070128183609686,22.143915580113113,1.0859136233720574,1.5648185103637673,53628.7448891,nan,nan,nan
6,N,N,N,N,N,20.115447580559742,10.37989971836428,1.744071148460417,1.2643504195868518,53628.7452581,8009.962388692127,28.839802721472743,7981.122585970655
7,N,N,N,N,Y,10.796467099312435,7.076777222816952,1.723919540864337,1.2829808405325451,53628.7443754,nan,nan,nan
8,N,N,N,N,N,20.86208455129153,19.891870214254364,1.4493713960863683,1.3000393947153346,53628.7450118,7778.245658207939,249.5845149821516,7528.661143225788
9,N,N,N,N,Y,15.063371322726555,7.823108478654354,1.2428881852929803,1.2790751698870162,53628.7453798,nan,nan,nan
1,N,N,N,N,Y,15.0483200028761,22.022108261641026,1.0046659618442895,1.4838829683693493,53630.9448253,nan,nan,nan
2,N,N,N,N,Y,8.201885817066769,16.998544678996566,1.4302929542930718,1.0277982882449945,53630.9445799,nan,nan,nan
3,N,N,N,N,Y,15.090408647959665,7.605936954324274,1.2983542440054894,1.708125739900543,53630.945316,nan,nan,nan
4,N,N,N,N,Y,10.710509547048124,6.9504665540002,1.7117603941540875,1.2956221517975892,53630.9443114,nan,nan,nan
5,N,N,N,N,Y,10.213310625744834,23.25922258285275,1.6087964025294246,1.331102062231608,53630.9447026,nan,nan,nan
6,N,N,N,N,N,20.874640717719167,19.660882141958577,1.5449294971212524,1.6857845569670684,53630.9449479,5907.5317770664915,157.28601732706144,5750.2457597394305
7,N,N,N,N,Y,24.395983197079563,15.560339257649334,1.905883945777954,1.8392544617465312,53630.9450708,nan,nan,nan
8,N,N,N,N,Y,8.603818749806152,12.129866957652673,1.8072587304027377,1.5105393671002367,53630.9444573,nan,nan,nan
9,N,N,N,N,N,20.129365928950147,10.130617570064462,1.0797034300061414,1.4757316418354292,53630.9451932,5976.20520878212,197.59447020392784,5778.6107385781925
